<?xml version="1.0"?>
<!DOCTYPE PLAY SYSTEM "play.dtd">

<enemies>
<enemy>
<id>101</id>
<name>MonsterCrab</name>
<icon>MonsterCrab.png</icon>
<iconFreeze>MonsterCrabFreeze.png</iconFreeze>
<iconPoison>MonsterCrabPoison.png</iconPoison>
<hp>180</hp>
<speed>1.2</speed>
<price>10</price>
</enemy>

<enemy>
<id>102</id>
<name>MonsterFox</name>
<icon>MonsterFox.png</icon>
<iconFreeze>MonsterFoxFreeze.png</iconFreeze>
<iconPoison>MonsterFoxPoison.png</iconPoison>
<hp>250</hp>
<speed>1</speed>
<price>13</price>
</enemy>

<enemy>
<id>103</id>
<name>MonsterDog</name>
<icon>MonsterDog.png</icon>
<iconFreeze>MonsterDogFreeze.png</iconFreeze>
<iconPoison>MonsterDogPoison.png</iconPoison>
<hp>650</hp>
<speed>0.8</speed>
<price>15</price>
</enemy>

<enemy>
<id>104</id>
<name>MonsterDog</name>
<icon>MonsterDog.png</icon>
<iconFreeze>MonsterDogFreeze.png</iconFreeze>
<iconPoison>MonsterDogPoison.png</iconPoison>
<hp>650</hp>
<speed>0.8</speed>
<price>15</price>
</enemy>

<enemy>
<id>105</id>
<name>MonsterCra</name>
<icon>MonsterCra.png</icon>
<iconFreeze>MonsterCraFreeze.png</iconFreeze>
<iconPoison>MonsterCraPoison.png</iconPoison>
<hp>650</hp>
<speed>0.8</speed>
<price>15</price>
</enemy>

<enemy>
<id>106</id>
<name>MonsterCra</name>
<icon>MonsterCra.png</icon>
<iconFreeze>MonsterCraFreeze.png</iconFreeze>
<iconPoison>MonsterCraPoison.png</iconPoison>
<hp>650</hp>
<speed>0.8</speed>
<price>15</price>
</enemy>

<enemy>
<id>107</id>
<name>MonsterCra</name>
<icon>MonsterCra.png</icon>
<iconFreeze>MonsterCraFreeze.png</iconFreeze>
<iconPoison>MonsterCraPoison.png</iconPoison>
<hp>650</hp>
<speed>0.8</speed>
<price>15</price>
</enemy>


<enemy>
<id>108</id>
<name>MonsterWolf</name>
<icon>MonsterWolf.png</icon>
<iconFreeze>MonsterWolfFreeze.png</iconFreeze>
<iconPoison>MonsterWolfPoison.png</iconPoison>
<hp>650</hp>
<speed>0.8</speed>
<price>15</price>
</enemy>

<enemy>
<id>109</id>
<name>MonsterWolf</name>
<icon>MonsterWolf.png</icon>
<iconFreeze>MonsterWolfFreeze.png</iconFreeze>
<iconPoison>MonsterWolfPoison.png</iconPoison>
<hp>650</hp>
<speed>0.8</speed>
<price>15</price>
</enemy>

<enemy>
<id>110</id>
<name>MonsterBear</name>
<icon>MonsterBear.png</icon>
<iconFreeze>MonsterBearFreeze.png</iconFreeze>
<iconPoison>MonsterBearPoison.png</iconPoison>
<hp>650</hp>
<speed>0.8</speed>
<price>15</price>
</enemy>

</enemies>
