<?xml version="1.0"?>
<!DOCTYPE PLAY SYSTEM "play.dtd">

<heros>
<hero>
<id>0</id>
<name>Lissandra</name>
<icon>Lissandra.png</icon>
<levels>3</levels>
<level>
<price>180</price>
<attack>30</attack>
<frequency>1</frequency>
<range>120</range>
</level>
<level>
<price>280</price>
<attack>60</attack>
<frequency>1.25</frequency>
<range>200</range>
</level>
<level>
<price>385</price>
<attack>100</attack>
<frequency>1.5</frequency>
<range>280</range>
</level>
<effectCapacity>10</effectCapacity>
<targetCapacity>10</targetCapacity>
<skillId>0</skillId>
</hero>

<hero>
<id>1</id>
<name>Amumu</name>
<icon>HeroAmumu.png</icon>
<levels>3</levels>
<level>
<price>160</price>
<attack>40</attack>
<frequency>1.5</frequency>
<range>120</range>
</level>
<level>
<price>250</price>
<attack>80</attack>
<frequency>2</frequency>
<range>200</range>
</level>
<level>
<price>380</price>
<attack>120</attack>
<frequency>2.5</frequency>
<range>280</range>
</level>
<repeat>1</repeat>
<targetCapacity>1</targetCapacity>
<effectCapacity>0</effectCapacity>
<skillId>-1</skillId>
</hero>

<hero>
<id>2</id>
<name>Garen</name>
<icon>HeroGaren.png</icon>
<levels>3</levels>
<level>
<price>120</price>
<attack>60</attack>
<frequency>1.25</frequency>
<range>120</range>
</level>
<level>
<price>215</price>
<attack>100</attack>
<frequency>1.5</frequency>
<range>200</range>
</level>
<level>
<price>320</price>
<attack>140</attack>
<frequency>1.75</frequency>
<range>280</range>
</level>
<repeat>1</repeat>
<targetCapacity>1</targetCapacity>
<effectCapacity>0</effectCapacity>
<skillId>-1</skillId>
</hero>



</heros>
